<?xml version="1.0" encoding="UTF-8"?><metadata>
    <idinfo>
        <citation>
            <citeinfo>
                <origin/>
                <pubdate>20130214</pubdate>
                <title>Submerged Aquatic Vegetation (SAV) in RI Coastal Waters (2006)</title>
                <geoform>vector digital data</geoform>
                <pubinfo>
                    <pubplace/>
                    <publish>University of Rhode Island</publish>
                </pubinfo>
                <othercit>Suggested bibliographic reference: RIGIS, 2013. Submerged Aquatic Vegetation (SAV) in Rhode Island Coastal Waters (2006); SAV06. Rhode Island Geographic Information System (RIGIS) Data Distribution System, URL: http://www.rigis.org, Environmental Data Center, University of Rhode Island, Kingston, Rhode Island (last date accessed:: 2 October 2014).</othercit>
                <onlink>http://services2.arcgis.com/S8zZg9pg23JUEexQ/arcgis/rest/services/Submerged_Aquatic_Vegetation_SAV_in_RI_Coastal_Waters/FeatureServer</onlink>
                <onlink>http://data.rigis.org/HYDRO/SAV06.zip</onlink>
            </citeinfo>
        </citation>
        <descript>
            <abstract>Eelgrass and other habitat polygons for Narragansett Bay delineated from aerial photography from August 2006. &#13;
Eelgrass was mapped to determine trends in eelgrass abundance and distribution since the last eelgrass mapping project in 1996.</abstract>
            <purpose>Eelgrass and other habitat polygons for Narragansett Bay.</purpose>
        </descript>
        <status>
            <progress>Complete</progress>
            <update>None planned</update>
        </status>
        <spdom>
            <bounding>
                <westbc>-180</westbc>
                <eastbc>180</eastbc>
                <northbc>90</northbc>
                <southbc>-90</southbc>
            </bounding>
        </spdom>
        <keywords>
            <theme>
                <themekt>None</themekt>
                <themekey>eelgrass</themekey>
                <themekey>zostera</themekey>
                <themekey>submerged aquatic vegation</themekey>
                <themekey>SAV</themekey>
                <themekey>ruppia</themekey>
                <themekey>widgeon grass</themekey>
            </theme>
            <theme>
                <themekt>ISO 19115 Topic Category</themekt>
                <themekey>oceans</themekey>
                <themekey>biota</themekey>
            </theme>
            <place>
                <placekt>None</placekt>
                <placekey>United States</placekey>
                <placekey>Northeast</placekey>
                <placekey>Rhode Island</placekey>
                <placekey>New England</placekey>
            </place>
        </keywords>
        <accconst>None</accconst>
        <useconst>These data are shared under the RIGIS license agreement, which can be viewed below: This
 dataset is provided 'as is.’ The producer(s) of this dataset, 
contributors to this dataset, the Rhode Island Geographic Information 
System (RIGIS) consortium, the State of Rhode Island, and the University
 of Rhode Island do not make any warranties of any kind for this 
dataset, and are not liable for any loss or damage however and whenever 
caused by any use of this dataset.Please acknowledge both RIGIS 
and the primary producer(s) of this dataset in any derived products.  
Versions of the RIGIS logo suitable for both printed and web-based 
products are available at http://www.rigis.org/logos.Additional Use Constraints from Originator:These data DO NOT preclude a site specific visit for future coastal permitting purposes.</useconst>
        <ptcontac>
            <cntinfo>
                <cntorgp>
                    <cntorg>University of Rhode Island - Environmental Data Center</cntorg>
                    <cntper>Mike Bradley</cntper>
                </cntorgp>
                <cntpos>Research Associate</cntpos>
                <cntaddr>
                    <addrtype>mailing and physical</addrtype>
                    <address>University of Rhode Island</address>
                    <address>105 Coastal Institute Kingston</address>
                    <address>Department of Natural Resources Science</address>
                    <city>Kingston</city>
                    <state>RI</state>
                    <postal>02881-0804</postal>
                    <country>US</country>
                </cntaddr>
                <cntvoice>401-874-5054</cntvoice>
                <cntemail>mike@edc.uri.edu</cntemail>
            </cntinfo>
        </ptcontac>
        <datacred>URI EDC, RIGIS; URI EDC</datacred>
        <native>Microsoft Windows 7 Version 6.1 (Build 7601) Service Pack 1; Esri ArcGIS 10.4.1.5686</native>
        <crossref>
            <citeinfo>
                <title>Report on the Analysis of True Color Aerial Photography to Map and Inventory Zostera marina L. in Narragansett Bay and Block Island, Rhode Island</title>
            </citeinfo>
        </crossref>
    </idinfo>
    <dataqual>
        <attracc>
            <attraccr>Attributes were internally QA/QC'd. No known errors exist. See attribute table for indication of accuracy of identification of eelgrass beds.</attraccr>
        </attracc>
        <logic>Data are consistent with 1:5000 RIDOT 03-04 orthophotography. Delineations were done by "heads-up" digitizing on 1:12000 orthophotography from James W. Sewall Co.</logic>
        <complete>Data are complete</complete>
        <posacc>
            <horizpa>
                <horizpar>Listed accuracy of source DOQQs from James W. Sewall is +/- 50 feet. However accuracy is believed to be closer to +/- 20ft based on overlays of 1:5k datasets and field determination of polygon edges using WAAS enabled GPS.</horizpar>
            </horizpa>
        </posacc>
        <lineage>
            <srcinfo>
                <srccite>
                    <citeinfo>
                        <pubdate>20091101</pubdate>
                        <title>2006 NBNERR - Save the Bay - URI 1:12,000 Digital True Color Orthophotography</title>
                    </citeinfo>
                </srccite>
                <typesrc>None</typesrc>
                <srccitea>2006 NBNERR - Save the Bay - URI 1:12,000 Digital True Color Orthophotography</srccitea>
                <srccontr>basemap</srccontr>
            </srcinfo>
            <procstep>
                <procdesc>Orthophotography, prints, and transparencies of Narragansett Bay were collected by James W. Sewall Co on August 5th, 2006. All three formats were used for interpretation of eelgrass beds. Initial interpretations were done and delineated by heads up digitizing on the Sewall orthophotography (1:12000 scale and 0.5m pixel resolution). These delineations were taken into the field and ground truthed using a Trimble GeoXH and gps enabled tablet pc. Deep water edges of eelgrass beds were determined using underwater video equipment, fathometer signals, boat observations using a view scope, and in some instances, divers. Once determined, the original polygon was then re-digitized in the field using the GPS enabled tablet pc or back in the lab using Trimble GeoXH data. Ground-truthing was completed in the summer of 2007.</procdesc>
                <proccont>
                    <cntinfo>
                        <cntorgp>
                            <cntorg>University of Rhode Island - Environmental Data Center</cntorg>
                            <cntper>Mike Bradley</cntper>
                        </cntorgp>
                        <cntpos>Research Associate</cntpos>
                        <cntaddr>
                            <addrtype>mailing and physical</addrtype>
                            <address>Department of Natural Resources Science</address>
                            <address>105 Coastal Institute Kingston</address>
                            <address>University of Rhode Island</address>
                            <city>Kingston</city>
                            <state>RI</state>
                            <postal>02881-0804</postal>
                            <country>US</country>
                        </cntaddr>
                        <cntvoice>401-874-5054</cntvoice>
                        <cntemail>mike@edc.uri.edu</cntemail>
                    </cntinfo>
                </proccont>
            </procstep>
            <procstep>
                <procdesc>Data contributed to RIGIS by the University of Rhode Island Environmental Data Center. Metadata were reviewed, updates made to content, RIGIS distribution information added.</procdesc>
                <procdate>20130501</procdate>
                <proccont>
                    <cntinfo>
                        <cntorgp>
                            <cntorg>University of Rhode Island Environmental Data Center</cntorg>
                            <cntper>Greg Bonynge</cntper>
                        </cntorgp>
                        <cntaddr>
                            <addrtype>mailing and physical</addrtype>
                            <address>1 Greenhouse Road</address>
                            <city>Kingston</city>
                            <state>RI</state>
                            <postal>02881</postal>
                        </cntaddr>
                        <cntvoice>401-874-2180</cntvoice>
                        <cntemail>greg@edc.uri.edu</cntemail>
                        <cntinst>email preferred</cntinst>
                    </cntinfo>
                </proccont>
            </procstep>
        </lineage>
    </dataqual>
    <spdoinfo>
        <direct>Vector</direct>
        <ptvctinf>
            <sdtsterm>
                <sdtstype>GT-polygon composed of chains</sdtstype>
                <ptvctcnt>192</ptvctcnt>
            </sdtsterm>
        </ptvctinf>
    </spdoinfo>
    <eainfo>
        <detailed>
            <enttyp>
                <enttypl>BIO_Submerged_Aquatic_Vegetation_2006</enttypl>
            </enttyp>
            <attr>
                <attrlabl>OBJECTID</attrlabl>
                <attrdef>Internal feature number.</attrdef>
                <attrdefs>Esri</attrdefs>
                <attrdomv>
                    					
                    <udom>Sequential unique whole numbers that are automatically generated.</udom>
                    				
                </attrdomv>
            </attr>
            <attr>
                <attrlabl>site</attrlabl>
                <attrdef>Name of the site - used to help group sites together.</attrdef>
                <attrdefs>University of Rhode Island - Environmental Data Center</attrdefs>
                <attrdomv>
                    					
                    <udom>Free text.</udom>
                    				
                </attrdomv>
            </attr>
            <attr>
                <attrlabl>method</attrlabl>
                <attrdef>how the polygon was ground truthed</attrdef>
                <attrdefs>University of Rhode Island - Environmental Data Center</attrdefs>
                <attrdomv>
                    					
                    <edom>
                        						
                        <edomv>video / boat observation</edomv>
                        						
                        <edomvd>habitat type confirmed via boat (looking over the side) or view scope, and by underwater video</edomvd>
                        						
                        <edomvds>University of Rhode Island - Environmental Data Center</edomvds>
                        					
                    </edom>
                    				
                </attrdomv>
            </attr>
            <attr>
                <attrlabl>determ</attrlabl>
                <attrdef>how was the polygon initially delineated</attrdef>
                <attrdefs>University of Rhode Island - Environmental Data Center</attrdefs>
                <attrdomv>
                    					
                    <edom>
                        						
                        <edomv>anecdotal</edomv>
                        						
                        <edomvd>Delineation is somewhat visible on 2006 photography but mostly identified by word of mouth from local expert.</edomvd>
                        						
                        <edomvds>University of Rhode Island - Environmental Data Center</edomvds>
                        					
                    </edom>
                    				
                </attrdomv>
            </attr>
            <attr>
                <attrlabl>habitat</attrlabl>
                <attrdef>Composition of the habitat observed from aerial photography and from field observations</attrdef>
                <attrdefs>University of Rhode Island - Environmental Data Center</attrdefs>
                <attrdomv>
                    					
                    <edom>
                        						
                        <edomv>restored eelgrass</edomv>
                        						
                        <edomvd>Habitat characterized as a restored eelgrass site.</edomvd>
                        						
                        <edomvds>University of Rhode Island - Environmental Data Center</edomvds>
                        					
                    </edom>
                    				
                </attrdomv>
            </attr>
            <attr>
                <attrlabl>acres</attrlabl>
                <attrdef>Calculated area of the polygon, in acres.</attrdef>
                <attrdefs>University of Rhode Island - Environmental Data Center</attrdefs>
                <attrdomv>
                    					
                    <rdom>
                        						
                        <rdommin>0.02</rdommin>
                        						
                        <rdommax>63.1</rdommax>
                        						
                        <attrunit>acres</attrunit>
                        						
                        <attrmres>0.01</attrmres>
                        					
                    </rdom>
                    				
                </attrdomv>
            </attr>
            <attr>
                <attrlabl>hydgraph</attrlabl>
                <attrdef>Hydrographic location of the habitat.</attrdef>
                <attrdefs>University of Rhode Island - Environmental Data Center</attrdefs>
                <attrdomv>
                    					
                    <udom>Free text.</udom>
                    				
                </attrdomv>
            </attr>
            <attr>
                <attrlabl>dw_edge</attrlabl>
                <attrdef>Indicates whether or not the deep water edge of the eelgrass bed was determined in the field.</attrdef>
                <attrdefs>University of Rhode Island - Environmental Data Center</attrdefs>
                <attrdomv>
                    					
                    <edom>
                        						
                        <edomv>no</edomv>
                        						
                        <edomvds>University of Rhode Island - Environmental Data Center</edomvds>
                        					
                    </edom>
                    				
                </attrdomv>
            </attr>
            <attr>
                <attrlabl>g_truth</attrlabl>
                <attrdef>Denotes whether or not the polygon was ground truthed.</attrdef>
                <attrdefs>University of Rhode Island - Environmental Data Center</attrdefs>
                <attrdomv>
                    					
                    <edom>
                        						
                        <edomv>no</edomv>
                        						
                        <edomvds>University of Rhode Island - Environmental Data Center</edomvds>
                        					
                    </edom>
                    				
                </attrdomv>
            </attr>
            <attr>
                <attrlabl>Shape</attrlabl>
                <attrdef>Feature geometry.</attrdef>
                <attrdefs>ESRI</attrdefs>
                <attrdomv>
                    					
                    <udom>Coordinates defining the features.</udom>
                    				
                </attrdomv>
            </attr>
            <attr>
                <attrlabl>Shape_Length</attrlabl>
                <attrdef>Length of feature in internal units.</attrdef>
                <attrdefs>Esri</attrdefs>
                <attrdomv>
                    					
                    <udom>Positive real numbers that are automatically generated.</udom>
                    				
                </attrdomv>
            </attr>
            <attr>
                <attrlabl>Shape_Area</attrlabl>
                <attrdef>Area of feature in internal units squared.</attrdef>
                <attrdefs>Esri</attrdefs>
                <attrdomv>
                    					
                    <udom>Positive real numbers that are automatically generated.</udom>
                    				
                </attrdomv>
            </attr>
        </detailed>
    </eainfo>
    <distinfo>
        <distrib>
            <cntinfo>
                <cntorgp>
                    <cntorg>University of Rhode Island Environmental Data Center</cntorg>
                    <cntper>Erica Tefft</cntper>
                </cntorgp>
                <cntaddr>
                    <addrtype>mailing and physical</addrtype>
                    <address>1 Greenhouse Road</address>
                    <city>Kingston</city>
                    <state>RI</state>
                    <postal>02881</postal>
                </cntaddr>
                <cntvoice>401-874-5054</cntvoice>
                <cntemail>erica@edc.uri.edu</cntemail>
                <cntinst>email preferred</cntinst>
            </cntinfo>
        </distrib>
        <distliab>See access and use constraints information.</distliab>
        <stdorder>
            <digform>
                <digtinfo>
                    <formname>Esri shapefile</formname>
                    <filedec>ZIP</filedec>
                </digtinfo>
                <digtopt>
                    <onlinopt>
                        <computer>
                            <networka>
                                <networkr>http://www.rigis.org</networkr>
                            </networka>
                        </computer>
                    </onlinopt>
                </digtopt>
            </digform>
            <fees>No fee for downloading directly from the RIGIS Data Distribution System located at http://www.rigis.org.</fees>
        </stdorder>
    </distinfo>
    <metainfo>
        <metd>20161115</metd>
        <metrd>20130501</metrd>
        <metc>
            <cntinfo>
                <cntorgp>
                    <cntorg>University of Rhode Island - Environmental Data Center</cntorg>
                    <cntper>Mike Bradley</cntper>
                </cntorgp>
                <cntpos>Research Associate</cntpos>
                <cntaddr>
                    <addrtype>mailing and physical</addrtype>
                    <address>Department of Natural Resources Science</address>
                    <address>105 Coastal Institute Kingston</address>
                    <address>University of Rhode Island</address>
                    <city>Kingston</city>
                    <state>RI</state>
                    <postal>02881-0804</postal>
                    <country>US</country>
                </cntaddr>
                <cntvoice>401-874-5054</cntvoice>
                <cntemail>mike@edc.uri.edu</cntemail>
            </cntinfo>
        </metc>
        <metstdn>FGDC Content Standard for Digital Geospatial Metadata</metstdn>
        <metstdv>FGDC-STD-001-1998</metstdv>
        <mettc>local time</mettc>
    </metainfo>
</metadata>
